<application>
  <component name="ProjectJdkTable">
    <jdk version="2">
      <name value="Python 3.7 (rust_zhps_jcpt)" />
      <type value="Python SDK" />
      <version value="Python 3.7.4" />
      <homePath value="$USER_HOME$/anaconda3/bin/python" />
      <roots>
        <classPath>
          <root type="composite">
            <root url="file://$USER_HOME$/anaconda3/lib/python3.7" type="simple" />
            <root url="file://$USER_HOME$/anaconda3/lib/python3.7/lib-dynload" type="simple" />
            <root url="file://$USER_HOME$/anaconda3/lib/python3.7/site-packages" type="simple" />
            <root url="file://$USER_HOME$/.CLion2019.2/system/python_stubs/971687637" type="simple" />
            <root url="file://$APPLICATION_HOME_DIR$/plugins/python/helpers/python-skeletons" type="simple" />
            <root url="file://$APPLICATION_HOME_DIR$/plugins/python/helpers/typeshed/stdlib/3" type="simple" />
            <root url="file://$APPLICATION_HOME_DIR$/plugins/python/helpers/typeshed/stdlib/2and3" type="simple" />
            <root url="file://$APPLICATION_HOME_DIR$/plugins/python/helpers/typeshed/third_party/3" type="simple" />
            <root url="file://$APPLICATION_HOME_DIR$/plugins/python/helpers/typeshed/third_party/2and3" type="simple" />
          </root>
        </classPath>
        <sourcePath>
          <root type="composite" />
        </sourcePath>
      </roots>
      <additional ASSOCIATED_PROJECT_PATH="$USER_HOME$/Documents/jhd_projects/rust_zhps_jcpt" />
    </jdk>
    <jdk version="2">
      <name value="Python 3.7 (django)" />
      <type value="Python SDK" />
      <version value="Python 3.7.4" />
      <homePath value="$USER_HOME$/anaconda3/envs/django/bin/python3.7" />
      <roots>
        <classPath>
          <root type="composite">
            <root url="file://$USER_HOME$/anaconda3/envs/django/lib/python3.7" type="simple" />
            <root url="file://$USER_HOME$/anaconda3/envs/django/lib/python3.7/lib-dynload" type="simple" />
            <root url="file://$USER_HOME$/anaconda3/envs/django/lib/python3.7/site-packages" type="simple" />
            <root url="file://$USER_HOME$/.CLion2019.2/system/python_stubs/-1037444772" type="simple" />
            <root url="file://$APPLICATION_HOME_DIR$/plugins/python/helpers/python-skeletons" type="simple" />
            <root url="file://$APPLICATION_HOME_DIR$/plugins/python/helpers/typeshed/stdlib/3" type="simple" />
            <root url="file://$APPLICATION_HOME_DIR$/plugins/python/helpers/typeshed/stdlib/2and3" type="simple" />
            <root url="file://$APPLICATION_HOME_DIR$/plugins/python/helpers/typeshed/third_party/3" type="simple" />
            <root url="file://$APPLICATION_HOME_DIR$/plugins/python/helpers/typeshed/third_party/2and3" type="simple" />
          </root>
        </classPath>
        <sourcePath>
          <root type="composite" />
        </sourcePath>
      </roots>
      <additional ASSOCIATED_PROJECT_PATH="$USER_HOME$/Documents/jhd_projects/rust_zhps_jcpt" />
    </jdk>
  </component>
</application>