<application>
  <component name="MaterialThemeConfig">
    <option name="allowDataCollection" value="true" />
    <option name="isContrastMode" value="true" />
    <option name="isHighContrast" value="true" />
    <option name="isWizardShown" value="true" />
    <option name="pristineConfig" value="false" />
    <option name="selectedTheme" value="SOLARIZED_LIGHT" />
    <option name="userId" value="-5b02bda6:16df92aff46:-8000" />
    <option name="version" value="4.5.2" />
  </component>
</application>