<application>
  <component name="libraryTable">
    <library name="Bundled Protobuf Distribution">
      <CLASSES />
      <SOURCES>
        <root url="jar://$APPLICATION_PLUGINS_DIR$/protobuf-jetbrains-plugin/lib/protobuf-java-3.6.1-sources.jar!/" />
      </SOURCES>
    </library>
    <library name="Python 3.6 (flask) interpreter library">
      <CLASSES>
        <root url="file://D:/Anaconda3/envs/flask/DLLs" />
        <root url="file://D:/Anaconda3/envs/flask/Lib" />
        <root url="file://$USER_HOME$/AppData/Roaming/Python/Python36/site-packages" />
        <root url="file://D:/Anaconda3/envs/flask/Lib/site-packages" />
        <root url="file://$USER_HOME$/.GoLand2019.2/system/python_stubs/563027013" />
        <root url="file://$APPLICATION_PLUGINS_DIR$/python-ce/helpers/python-skeletons" />
        <root url="file://$APPLICATION_PLUGINS_DIR$/python-ce/helpers/typeshed/stdlib/3" />
        <root url="file://$APPLICATION_PLUGINS_DIR$/python-ce/helpers/typeshed/stdlib/2and3" />
        <root url="file://$APPLICATION_PLUGINS_DIR$/python-ce/helpers/typeshed/third_party/3" />
        <root url="file://$APPLICATION_PLUGINS_DIR$/python-ce/helpers/typeshed/third_party/2and3" />
      </CLASSES>
      <SOURCES>
        <root url="file://D:/Anaconda3/envs/flask/DLLs" />
        <root url="file://D:/Anaconda3/envs/flask/Lib" />
        <root url="file://$USER_HOME$/AppData/Roaming/Python/Python36/site-packages" />
        <root url="file://D:/Anaconda3/envs/flask/Lib/site-packages" />
        <root url="file://$USER_HOME$/.GoLand2019.2/system/python_stubs/563027013" />
        <root url="file://$APPLICATION_PLUGINS_DIR$/python-ce/helpers/python-skeletons" />
        <root url="file://$APPLICATION_PLUGINS_DIR$/python-ce/helpers/typeshed/stdlib/3" />
        <root url="file://$APPLICATION_PLUGINS_DIR$/python-ce/helpers/typeshed/stdlib/2and3" />
        <root url="file://$APPLICATION_PLUGINS_DIR$/python-ce/helpers/typeshed/third_party/3" />
        <root url="file://$APPLICATION_PLUGINS_DIR$/python-ce/helpers/typeshed/third_party/2and3" />
      </SOURCES>
    </library>
    <library name="Python 3.6 (flask) interpreter library">
      <CLASSES>
        <root url="file://D:/Anaconda3/envs/flask/DLLs" />
        <root url="file://D:/Anaconda3/envs/flask/Lib" />
        <root url="file://$USER_HOME$/AppData/Roaming/Python/Python36/site-packages" />
        <root url="file://D:/Anaconda3/envs/flask/Lib/site-packages" />
        <root url="file://$USER_HOME$/.GoLand2019.2/system/python_stubs/563027013" />
        <root url="file://$APPLICATION_PLUGINS_DIR$/python-ce/helpers/python-skeletons" />
        <root url="file://$APPLICATION_PLUGINS_DIR$/python-ce/helpers/typeshed/stdlib/3" />
        <root url="file://$APPLICATION_PLUGINS_DIR$/python-ce/helpers/typeshed/stdlib/2and3" />
        <root url="file://$APPLICATION_PLUGINS_DIR$/python-ce/helpers/typeshed/third_party/3" />
        <root url="file://$APPLICATION_PLUGINS_DIR$/python-ce/helpers/typeshed/third_party/2and3" />
      </CLASSES>
      <SOURCES>
        <root url="file://D:/Anaconda3/envs/flask/DLLs" />
        <root url="file://D:/Anaconda3/envs/flask/Lib" />
        <root url="file://$USER_HOME$/AppData/Roaming/Python/Python36/site-packages" />
        <root url="file://D:/Anaconda3/envs/flask/Lib/site-packages" />
        <root url="file://$USER_HOME$/.GoLand2019.2/system/python_stubs/563027013" />
        <root url="file://$APPLICATION_PLUGINS_DIR$/python-ce/helpers/python-skeletons" />
        <root url="file://$APPLICATION_PLUGINS_DIR$/python-ce/helpers/typeshed/stdlib/3" />
        <root url="file://$APPLICATION_PLUGINS_DIR$/python-ce/helpers/typeshed/stdlib/2and3" />
        <root url="file://$APPLICATION_PLUGINS_DIR$/python-ce/helpers/typeshed/third_party/3" />
        <root url="file://$APPLICATION_PLUGINS_DIR$/python-ce/helpers/typeshed/third_party/2and3" />
      </SOURCES>
    </library>
  </component>
</application>