<application>
  <component name="ProjectJdkTable">
    <jdk version="2">
      <name value="Python 3.6 (flask)" />
      <type value="Python SDK" />
      <version value="Python 3.6.8" />
      <homePath value="D:\Anaconda3\envs\flask\python.exe" />
      <roots>
        <classPath>
          <root type="composite">
            <root url="file://D:/Anaconda3/envs/flask/DLLs" type="simple" />
            <root url="file://D:/Anaconda3/envs/flask/Lib" type="simple" />
            <root url="file://$USER_HOME$/AppData/Roaming/Python/Python36/site-packages" type="simple" />
            <root url="file://D:/Anaconda3/envs/flask/Lib/site-packages" type="simple" />
            <root url="file://$USER_HOME$/.GoLand2019.2/system/python_stubs/563027013" type="simple" />
            <root url="file://$APPLICATION_PLUGINS_DIR$/python-ce/helpers/python-skeletons" type="simple" />
            <root url="file://$APPLICATION_PLUGINS_DIR$/python-ce/helpers/typeshed/stdlib/3" type="simple" />
            <root url="file://$APPLICATION_PLUGINS_DIR$/python-ce/helpers/typeshed/stdlib/2and3" type="simple" />
            <root url="file://$APPLICATION_PLUGINS_DIR$/python-ce/helpers/typeshed/third_party/3" type="simple" />
            <root url="file://$APPLICATION_PLUGINS_DIR$/python-ce/helpers/typeshed/third_party/2and3" type="simple" />
          </root>
        </classPath>
        <sourcePath>
          <root type="composite" />
        </sourcePath>
      </roots>
      <additional ASSOCIATED_PROJECT_PATH="D:/Documents/my_projects/zhps_three" />
    </jdk>
  </component>
</application>