<code_scheme name="Default (1)" version="173">
  <option name="AUTODETECT_INDENTS" value="false" />
  <Python>
    <option name="SPACE_BEFORE_PY_COLON" value="true" />
    <option name="SPACE_AROUND_EQ_IN_NAMED_PARAMETER" value="true" />
    <option name="SPACE_AROUND_EQ_IN_KEYWORD_ARGUMENT" value="true" />
  </Python>
  <RsCodeStyleSettings>
    <option name="ALIGN_RET_TYPE" value="false" />
  </RsCodeStyleSettings>
  <codeStyleSettings language="Rust">
    <option name="ALIGN_MULTILINE_PARAMETERS" value="false" />
    <option name="ALIGN_MULTILINE_PARAMETERS_IN_CALLS" value="false" />
  </codeStyleSettings>
</code_scheme>