<keymap version="1" name="Default copy" parent="$default">
  <action id="$Redo">
    <keyboard-shortcut first-keystroke="shift ctrl z" />
    <keyboard-shortcut first-keystroke="shift alt back_space" />
    <keyboard-shortcut first-keystroke="ctrl y" />
  </action>
  <action id="ChangesView.Diff" />
  <action id="ChooseRunConfiguration">
    <keyboard-shortcut first-keystroke="ctrl meta r" />
  </action>
  <action id="CompareTwoFiles" />
  <action id="Console.Execute.Multiline" />
  <action id="Console.Jdbc.Execute" />
  <action id="Console.TableResult.CloneRow">
    <keyboard-shortcut first-keystroke="shift ctrl d" />
  </action>
  <action id="Console.TableResult.DeleteRows">
    <keyboard-shortcut first-keystroke="shift ctrl k" />
  </action>
  <action id="Console.TableResult.EditValueMaximized">
    <keyboard-shortcut first-keystroke="shift alt enter" />
  </action>
  <action id="DatabaseView.CopyAction">
    <keyboard-shortcut first-keystroke="shift ctrl d" />
  </action>
  <action id="Diff.ShowDiff" />
  <action id="Diff.ShowSettingsPopup" />
  <action id="Diff.UpdatedFiles" />
  <action id="Editor Redo">
    <keyboard-shortcut first-keystroke="ctrl y" />
  </action>
  <action id="EditorAddOrRemoveCaret">
    <mouse-shortcut keystroke="control button1" />
  </action>
  <action id="EditorBackwardParagraph">
    <keyboard-shortcut first-keystroke="ctrl left" />
  </action>
  <action id="EditorChooseLookupItem" />
  <action id="EditorChooseLookupItemCompleteStatement">
    <keyboard-shortcut first-keystroke="enter" />
  </action>
  <action id="EditorCloneCaretAbove">
    <keyboard-shortcut first-keystroke="ctrl up" />
  </action>
  <action id="EditorCloneCaretBelow">
    <keyboard-shortcut first-keystroke="ctrl down" />
  </action>
  <action id="EditorDeleteLine">
    <keyboard-shortcut first-keystroke="shift ctrl k" />
  </action>
  <action id="EditorDeleteToLineEnd">
    <keyboard-shortcut first-keystroke="alt k" />
  </action>
  <action id="EditorDown">
    <keyboard-shortcut first-keystroke="down" />
    <keyboard-shortcut first-keystroke="alt d" />
  </action>
  <action id="EditorDuplicate">
    <keyboard-shortcut first-keystroke="shift ctrl d" />
  </action>
  <action id="EditorForwardParagraph">
    <keyboard-shortcut first-keystroke="ctrl right" />
  </action>
  <action id="EditorLeft">
    <keyboard-shortcut first-keystroke="left" />
    <keyboard-shortcut first-keystroke="alt s" />
  </action>
  <action id="EditorLookupDown" />
  <action id="EditorLookupUp" />
  <action id="EditorNextWord">
    <keyboard-shortcut first-keystroke="alt r" />
  </action>
  <action id="EditorPreviousWord">
    <keyboard-shortcut first-keystroke="alt w" />
  </action>
  <action id="EditorRight">
    <keyboard-shortcut first-keystroke="right" />
    <keyboard-shortcut first-keystroke="alt f" />
  </action>
  <action id="EditorScrollDown" />
  <action id="EditorScrollUp" />
  <action id="EditorSplitLine">
    <keyboard-shortcut first-keystroke="shift enter" />
  </action>
  <action id="EditorStartNewLine">
    <keyboard-shortcut first-keystroke="ctrl enter" />
  </action>
  <action id="EditorUp">
    <keyboard-shortcut first-keystroke="up" />
    <keyboard-shortcut first-keystroke="alt e" />
  </action>
  <action id="FileChooser.GotoDesktop" />
  <action id="ForceRunToCursor">
    <keyboard-shortcut first-keystroke="ctrl meta e" />
  </action>
  <action id="GotoDeclaration">
    <keyboard-shortcut first-keystroke="ctrl b" />
  </action>
  <action id="IpnbRunCellAction" />
  <action id="IpnbRunCellInplaceAction" />
  <action id="OpenElementInNewWindow" />
  <action id="ReformatCode">
    <keyboard-shortcut first-keystroke="ctrl alt l" />
    <keyboard-shortcut first-keystroke="shift ctrl alt l" />
  </action>
  <action id="ReopenClosedTab">
    <keyboard-shortcut first-keystroke="alt t" />
  </action>
  <action id="Run">
    <keyboard-shortcut first-keystroke="meta r" />
  </action>
  <action id="RunToCursor">
    <keyboard-shortcut first-keystroke="meta e" />
  </action>
  <action id="SelectNextOccurrence">
    <keyboard-shortcut first-keystroke="alt j" />
    <keyboard-shortcut first-keystroke="ctrl d" />
  </action>
  <action id="SendEOF" />
  <action id="ShelvedChanges.Diff" />
  <action id="ShowReformatFileDialog" />
  <action id="SwitchApply">
    <keyboard-shortcut first-keystroke="shift alt enter" />
  </action>
  <action id="SwitchDown">
    <keyboard-shortcut first-keystroke="shift alt down" />
  </action>
  <action id="SwitchLeft">
    <keyboard-shortcut first-keystroke="shift alt left" />
  </action>
  <action id="SwitchRight">
    <keyboard-shortcut first-keystroke="shift alt right" />
  </action>
  <action id="SwitchUp">
    <keyboard-shortcut first-keystroke="shift alt up" />
  </action>
  <action id="Uml.ShowDiff" />
  <action id="Vcs.Push" />
  <action id="ViewSource" />
  <action id="openAssertEqualsDiff" />
</keymap>