<application>
  <component name="FileTypeManager" version="17">
    <ignoreFiles list="*$py.class;*.hprof;*.pyc;*.pyo;*.rbc;*.yarb;*~;.DS_Store;.git;.hg;.svn;CVS;__pycache__;_svn;vssver.scc;vssver2.scc;" />
    <extensionMap>
      <mapping pattern="*.js.flow" type="Flow" />
      <mapping pattern="*.js.flow" type="Flow" />
      <mapping pattern="dd.txt" type="PLAIN_TEXT" />
      <mapping pattern="c_listen.cpp" type="PLAIN_TEXT" />
      <mapping ext="tfrecords" type="PLAIN_TEXT" />
    </extensionMap>
  </component>
</application>