<application>
  <component name="MaterialThemeConfig">
    <option name="allowDataCollection" value="true" />
    <option name="isContrastMode" value="true" />
    <option name="isHighContrast" value="true" />
    <option name="isWizardShown" value="true" />
    <option name="overrideAccentColor" value="true" />
    <option name="pristineConfig" value="false" />
    <option name="accentColor" value="d33682" />
    <option name="selectedTheme" value="SOLARIZED_LIGHT" />
    <option name="userId" value="-404aa2fe:16d534af15b:-8000" />
    <option name="version" value="4.5.1" />
  </component>
</application>