<code_scheme name="Default (1)" version="173">
  <option name="AUTODETECT_INDENTS" value="false" />
  <Python>
    <option name="SPACE_BEFORE_PY_COLON" value="true" />
    <option name="SPACE_AROUND_EQ_IN_NAMED_PARAMETER" value="true" />
    <option name="SPACE_AROUND_EQ_IN_KEYWORD_ARGUMENT" value="true" />
  </Python>
  <codeStyleSettings language="JavaScript">
    <indentOptions>
      <option name="INDENT_SIZE" value="2" />
      <option name="CONTINUATION_INDENT_SIZE" value="2" />
      <option name="TAB_SIZE" value="2" />
    </indentOptions>
  </codeStyleSettings>
</code_scheme>