<application>
  <component name="ProjectJdkTable">
    <jdk version="2">
      <name value="Python 3.7 (dingmin)" />
      <type value="Python SDK" />
      <version value="Python 3.7.2" />
      <homePath value="D:\Anaconda3\envs\teacher\python.exe" />
      <roots>
        <classPath>
          <root type="composite">
            <root url="file://D:/Anaconda3/envs/teacher/DLLs" type="simple" />
            <root url="file://D:/Anaconda3/envs/teacher/Lib" type="simple" />
            <root url="file://D:/Anaconda3/envs/teacher/Lib/site-packages" type="simple" />
            <root url="file://$USER_HOME$/.PyCharm2019.1/system/python_stubs/-673726794" type="simple" />
            <root url="file://$APPLICATION_HOME_DIR$/helpers/python-skeletons" type="simple" />
            <root url="file://$APPLICATION_HOME_DIR$/helpers/typeshed/stdlib/3" type="simple" />
            <root url="file://$APPLICATION_HOME_DIR$/helpers/typeshed/stdlib/2and3" type="simple" />
            <root url="file://$APPLICATION_HOME_DIR$/helpers/typeshed/third_party/3" type="simple" />
            <root url="file://$APPLICATION_HOME_DIR$/helpers/typeshed/third_party/2and3" type="simple" />
          </root>
        </classPath>
        <sourcePath>
          <root type="composite" />
        </sourcePath>
      </roots>
      <additional ASSOCIATED_PROJECT_PATH="E:/Documents/dingmin" />
    </jdk>
    <jdk version="2">
      <name value="Python 3.7" />
      <type value="Python SDK" />
      <version value="Python 3.7.2" />
      <homePath value="D:\Anaconda3\envs\teacher\python.exe" />
      <roots>
        <classPath>
          <root type="composite">
            <root url="file://D:/Anaconda3/envs/teacher/DLLs" type="simple" />
            <root url="file://D:/Anaconda3/envs/teacher/Lib" type="simple" />
            <root url="file://D:/Anaconda3/envs/teacher/Lib/site-packages" type="simple" />
            <root url="file://$USER_HOME$/.PyCharm2019.1/system/python_stubs/-673726794" type="simple" />
            <root url="file://$APPLICATION_HOME_DIR$/helpers/python-skeletons" type="simple" />
            <root url="file://$APPLICATION_HOME_DIR$/helpers/typeshed/stdlib/3" type="simple" />
            <root url="file://$APPLICATION_HOME_DIR$/helpers/typeshed/stdlib/2and3" type="simple" />
            <root url="file://$APPLICATION_HOME_DIR$/helpers/typeshed/third_party/3" type="simple" />
            <root url="file://$APPLICATION_HOME_DIR$/helpers/typeshed/third_party/2and3" type="simple" />
          </root>
        </classPath>
        <sourcePath>
          <root type="composite" />
        </sourcePath>
      </roots>
      <additional />
    </jdk>
    <jdk version="2">
      <name value="Python 3.7 (neural_AI)" />
      <type value="Python SDK" />
      <version value="Python 3.7.2" />
      <homePath value="D:\Anaconda3\envs\neural\python.exe" />
      <roots>
        <classPath>
          <root type="composite">
            <root url="file://D:/Anaconda3/envs/neural/DLLs" type="simple" />
            <root url="file://D:/Anaconda3/envs/neural/Lib" type="simple" />
            <root url="file://D:/Anaconda3/envs/neural" type="simple" />
            <root url="file://D:/Anaconda3/envs/neural/Lib/site-packages" type="simple" />
            <root url="file://$USER_HOME$/.PyCharm2018.3/system/python_stubs/70693575" type="simple" />
            <root url="file://$APPLICATION_HOME_DIR$/helpers/python-skeletons" type="simple" />
            <root url="file://$APPLICATION_HOME_DIR$/helpers/typeshed/stdlib/3" type="simple" />
            <root url="file://$APPLICATION_HOME_DIR$/helpers/typeshed/stdlib/2and3" type="simple" />
            <root url="file://$APPLICATION_HOME_DIR$/helpers/typeshed/third_party/3" type="simple" />
            <root url="file://$APPLICATION_HOME_DIR$/helpers/typeshed/third_party/2and3" type="simple" />
          </root>
        </classPath>
        <sourcePath>
          <root type="composite" />
        </sourcePath>
      </roots>
      <additional ASSOCIATED_PROJECT_PATH="E:/Documents/neural_AI" />
    </jdk>
    <jdk version="2">
      <name value="Python 3.6 (my_api)" />
      <type value="Python SDK" />
      <version value="Python 3.6.8" />
      <homePath value="D:\Anaconda3\envs\face_detect\python.exe" />
      <roots>
        <classPath>
          <root type="composite">
            <root url="file://D:/Anaconda3/envs/face_detect/DLLs" type="simple" />
            <root url="file://D:/Anaconda3/envs/face_detect/Lib" type="simple" />
            <root url="file://$USER_HOME$/AppData/Roaming/Python/Python36/site-packages" type="simple" />
            <root url="file://D:/Anaconda3/envs/face_detect/Lib/site-packages" type="simple" />
            <root url="file://D:/Anaconda3/envs/face_detect/Lib/site-packages/pyseeta-0.4-py3.6.egg" type="simple" />
            <root url="file://$USER_HOME$/.PyCharm2019.1/system/python_stubs/-358271117" type="simple" />
            <root url="file://$APPLICATION_HOME_DIR$/helpers/python-skeletons" type="simple" />
            <root url="file://$APPLICATION_HOME_DIR$/helpers/typeshed/stdlib/3" type="simple" />
            <root url="file://$APPLICATION_HOME_DIR$/helpers/typeshed/stdlib/2and3" type="simple" />
            <root url="file://$APPLICATION_HOME_DIR$/helpers/typeshed/third_party/3" type="simple" />
            <root url="file://$APPLICATION_HOME_DIR$/helpers/typeshed/third_party/2and3" type="simple" />
          </root>
        </classPath>
        <sourcePath>
          <root type="composite" />
        </sourcePath>
      </roots>
      <additional ASSOCIATED_PROJECT_PATH="E:/Documents/my_api" />
    </jdk>
    <jdk version="2">
      <name value="Python 3.6 (face_detect_and_show)" />
      <type value="Python SDK" />
      <version value="Python 3.6.8" />
      <homePath value="D:\Anaconda3\envs\face_detect\python.exe" />
      <roots>
        <classPath>
          <root type="composite">
            <root url="file://D:/Anaconda3/envs/face_detect/DLLs" type="simple" />
            <root url="file://D:/Anaconda3/envs/face_detect/Lib" type="simple" />
            <root url="file://D:/Anaconda3/envs/face_detect" type="simple" />
            <root url="file://D:/Anaconda3/envs/face_detect/Lib/site-packages" type="simple" />
            <root url="file://D:/Anaconda3/envs/face_detect/Lib/site-packages/pyseeta-0.4-py3.6.egg" type="simple" />
            <root url="file://$USER_HOME$/.PyCharm2018.3/system/python_stubs/-358271117" type="simple" />
            <root url="file://$APPLICATION_HOME_DIR$/helpers/python-skeletons" type="simple" />
            <root url="file://$APPLICATION_HOME_DIR$/helpers/typeshed/stdlib/3" type="simple" />
            <root url="file://$APPLICATION_HOME_DIR$/helpers/typeshed/stdlib/2and3" type="simple" />
            <root url="file://$APPLICATION_HOME_DIR$/helpers/typeshed/third_party/3" type="simple" />
            <root url="file://$APPLICATION_HOME_DIR$/helpers/typeshed/third_party/2and3" type="simple" />
          </root>
        </classPath>
        <sourcePath>
          <root type="composite" />
        </sourcePath>
      </roots>
      <additional ASSOCIATED_PROJECT_PATH="E:/Documents/face_detect_and_show" />
    </jdk>
    <jdk version="2">
      <name value="Python 3.6 (wjpt_analyze)" />
      <type value="Python SDK" />
      <version value="Python 3.6.8" />
      <homePath value="D:\Anaconda3\envs\gluon\python.exe" />
      <roots>
        <classPath>
          <root type="composite">
            <root url="file://D:/Anaconda3/envs/gluon/DLLs" type="simple" />
            <root url="file://D:/Anaconda3/envs/gluon/Lib" type="simple" />
            <root url="file://D:/Anaconda3/envs/gluon" type="simple" />
            <root url="file://D:/Anaconda3/envs/gluon/Lib/site-packages" type="simple" />
            <root url="file://$USER_HOME$/.PyCharm2018.3/system/python_stubs/92115113" type="simple" />
            <root url="file://$APPLICATION_HOME_DIR$/helpers/python-skeletons" type="simple" />
            <root url="file://$APPLICATION_HOME_DIR$/helpers/typeshed/stdlib/3" type="simple" />
            <root url="file://$APPLICATION_HOME_DIR$/helpers/typeshed/stdlib/2and3" type="simple" />
            <root url="file://$APPLICATION_HOME_DIR$/helpers/typeshed/third_party/3" type="simple" />
            <root url="file://$APPLICATION_HOME_DIR$/helpers/typeshed/third_party/2and3" type="simple" />
          </root>
        </classPath>
        <sourcePath>
          <root type="composite" />
        </sourcePath>
      </roots>
      <additional ASSOCIATED_PROJECT_PATH="D:/backup/pywj/wjpt_analyze" />
    </jdk>
    <jdk version="2">
      <name value="Python 3.6 (styleTransferBackend)" />
      <type value="Python SDK" />
      <version value="Python 3.6.8" />
      <homePath value="D:\Anaconda3\envs\django\python.exe" />
      <roots>
        <classPath>
          <root type="composite">
            <root url="file://D:/Anaconda3/envs/django/DLLs" type="simple" />
            <root url="file://D:/Anaconda3/envs/django/Lib" type="simple" />
            <root url="file://D:/Anaconda3/envs/django" type="simple" />
            <root url="file://D:/Anaconda3/envs/django/Lib/site-packages" type="simple" />
            <root url="file://$USER_HOME$/.PyCharm2018.3/system/python_stubs/1727594411" type="simple" />
            <root url="file://$APPLICATION_HOME_DIR$/helpers/python-skeletons" type="simple" />
            <root url="file://$APPLICATION_HOME_DIR$/helpers/typeshed/stdlib/3" type="simple" />
            <root url="file://$APPLICATION_HOME_DIR$/helpers/typeshed/stdlib/2and3" type="simple" />
            <root url="file://$APPLICATION_HOME_DIR$/helpers/typeshed/third_party/3" type="simple" />
            <root url="file://$APPLICATION_HOME_DIR$/helpers/typeshed/third_party/2and3" type="simple" />
          </root>
        </classPath>
        <sourcePath>
          <root type="composite" />
        </sourcePath>
      </roots>
      <additional ASSOCIATED_PROJECT_PATH="E:/styleTransferBackend" />
    </jdk>
    <jdk version="2">
      <name value="Python 3.7 (2)" />
      <type value="Python SDK" />
      <version value="Python 3.7.2" />
      <homePath value="C:\Users\zhilo\AppData\Local\Programs\Python\Python37-32\python.exe" />
      <roots>
        <classPath>
          <root type="composite">
            <root url="file://$USER_HOME$/AppData/Local/Programs/Python/Python37-32/DLLs" type="simple" />
            <root url="file://$USER_HOME$/AppData/Local/Programs/Python/Python37-32/Lib" type="simple" />
            <root url="file://$USER_HOME$/AppData/Local/Programs/Python/Python37-32" type="simple" />
            <root url="file://$USER_HOME$/AppData/Local/Programs/Python/Python37-32/Lib/site-packages" type="simple" />
            <root url="file://$USER_HOME$/.PyCharm2019.1/system/python_stubs/-929168274" type="simple" />
            <root url="file://$APPLICATION_HOME_DIR$/helpers/python-skeletons" type="simple" />
            <root url="file://$APPLICATION_HOME_DIR$/helpers/typeshed/stdlib/3" type="simple" />
            <root url="file://$APPLICATION_HOME_DIR$/helpers/typeshed/stdlib/2and3" type="simple" />
            <root url="file://$APPLICATION_HOME_DIR$/helpers/typeshed/third_party/3" type="simple" />
            <root url="file://$APPLICATION_HOME_DIR$/helpers/typeshed/third_party/2and3" type="simple" />
          </root>
        </classPath>
        <sourcePath>
          <root type="composite" />
        </sourcePath>
      </roots>
      <additional />
    </jdk>
    <jdk version="2">
      <name value="Python 3.7 (SSH-pytorch)" />
      <type value="Python SDK" />
      <version value="Python 3.7.2" />
      <homePath value="D:\Anaconda3\envs\faceDetect\python.exe" />
      <roots>
        <classPath>
          <root type="composite">
            <root url="file://D:/Anaconda3/envs/faceDetect/DLLs" type="simple" />
            <root url="file://D:/Anaconda3/envs/faceDetect/Lib" type="simple" />
            <root url="file://D:/Anaconda3/envs/faceDetect" type="simple" />
            <root url="file://D:/Anaconda3/envs/faceDetect/Lib/site-packages" type="simple" />
            <root url="file://D:/Anaconda3/envs/faceDetect/Lib/site-packages/pyseeta-0.4-py3.7.egg" type="simple" />
            <root url="file://$USER_HOME$/.PyCharm2018.3/system/python_stubs/901436166" type="simple" />
            <root url="file://$APPLICATION_HOME_DIR$/helpers/python-skeletons" type="simple" />
            <root url="file://$APPLICATION_HOME_DIR$/helpers/typeshed/stdlib/3" type="simple" />
            <root url="file://$APPLICATION_HOME_DIR$/helpers/typeshed/stdlib/2and3" type="simple" />
            <root url="file://$APPLICATION_HOME_DIR$/helpers/typeshed/third_party/3" type="simple" />
            <root url="file://$APPLICATION_HOME_DIR$/helpers/typeshed/third_party/2and3" type="simple" />
          </root>
        </classPath>
        <sourcePath>
          <root type="composite" />
        </sourcePath>
      </roots>
      <additional ASSOCIATED_PROJECT_PATH="D:/work/SSH-pytorch" />
    </jdk>
    <jdk version="2">
      <name value="Python 3.6 (MetaStyle)" />
      <type value="Python SDK" />
      <version value="Python 3.6.8" />
      <homePath value="D:\Anaconda3\envs\style\python.exe" />
      <roots>
        <classPath>
          <root type="composite">
            <root url="file://D:/Anaconda3/envs/style/DLLs" type="simple" />
            <root url="file://D:/Anaconda3/envs/style/Lib" type="simple" />
            <root url="file://D:/Anaconda3/envs/style" type="simple" />
            <root url="file://D:/Anaconda3/envs/style/Lib/site-packages" type="simple" />
            <root url="file://$USER_HOME$/.PyCharm2018.3/system/python_stubs/-572617785" type="simple" />
            <root url="file://$APPLICATION_HOME_DIR$/helpers/python-skeletons" type="simple" />
            <root url="file://$APPLICATION_HOME_DIR$/helpers/typeshed/stdlib/3" type="simple" />
            <root url="file://$APPLICATION_HOME_DIR$/helpers/typeshed/stdlib/2and3" type="simple" />
            <root url="file://$APPLICATION_HOME_DIR$/helpers/typeshed/third_party/3" type="simple" />
            <root url="file://$APPLICATION_HOME_DIR$/helpers/typeshed/third_party/2and3" type="simple" />
          </root>
        </classPath>
        <sourcePath>
          <root type="composite" />
        </sourcePath>
      </roots>
      <additional ASSOCIATED_PROJECT_PATH="E:/styleTransferTest/MetaStyle" />
    </jdk>
    <jdk version="2">
      <name value="Python 3.7 (3)" />
      <type value="Python SDK" />
      <version value="Python 3.7.1" />
      <homePath value="D:\Anaconda3\python.exe" />
      <roots>
        <classPath>
          <root type="composite">
            <root url="file://D:/Anaconda3/DLLs" type="simple" />
            <root url="file://D:/Anaconda3/Lib" type="simple" />
            <root url="file://D:/Anaconda3" type="simple" />
            <root url="file://D:/Anaconda3/Lib/site-packages" type="simple" />
            <root url="file://D:/Anaconda3/Lib/site-packages/win32" type="simple" />
            <root url="file://D:/Anaconda3/Lib/site-packages/win32/lib" type="simple" />
            <root url="file://D:/Anaconda3/Lib/site-packages/pythonwin" type="simple" />
            <root url="file://$USER_HOME$/.PyCharm2018.3/system/python_stubs/-2036615904" type="simple" />
            <root url="file://$APPLICATION_HOME_DIR$/helpers/python-skeletons" type="simple" />
            <root url="file://$APPLICATION_HOME_DIR$/helpers/typeshed/stdlib/3" type="simple" />
            <root url="file://$APPLICATION_HOME_DIR$/helpers/typeshed/stdlib/2and3" type="simple" />
            <root url="file://$APPLICATION_HOME_DIR$/helpers/typeshed/third_party/3" type="simple" />
            <root url="file://$APPLICATION_HOME_DIR$/helpers/typeshed/third_party/2and3" type="simple" />
          </root>
        </classPath>
        <sourcePath>
          <root type="composite" />
        </sourcePath>
      </roots>
      <additional />
    </jdk>
    <jdk version="2">
      <name value="Python 2.7" />
      <type value="Python SDK" />
      <version value="Python 2.7.15" />
      <homePath value="C:\Python27\python.exe" />
      <roots>
        <classPath>
          <root type="composite">
            <root url="file://C:/Python27/DLLs" type="simple" />
            <root url="file://C:/Python27/Lib" type="simple" />
            <root url="file://C:/Python27/Lib/lib-tk" type="simple" />
            <root url="file://C:/Python27" type="simple" />
            <root url="file://C:/Python27/Lib/site-packages" type="simple" />
            <root url="file://$USER_HOME$/.PyCharm2018.3/system/python_stubs/-762174762" type="simple" />
            <root url="file://$APPLICATION_HOME_DIR$/helpers/python-skeletons" type="simple" />
            <root url="file://$APPLICATION_HOME_DIR$/helpers/typeshed/stdlib/2" type="simple" />
            <root url="file://$APPLICATION_HOME_DIR$/helpers/typeshed/stdlib/2and3" type="simple" />
            <root url="file://$APPLICATION_HOME_DIR$/helpers/typeshed/third_party/2" type="simple" />
            <root url="file://$APPLICATION_HOME_DIR$/helpers/typeshed/third_party/2and3" type="simple" />
          </root>
        </classPath>
        <sourcePath>
          <root type="composite" />
        </sourcePath>
      </roots>
      <additional />
    </jdk>
    <jdk version="2">
      <name value="Python 3.6 (minPro_mall)" />
      <type value="Python SDK" />
      <version value="Python 3.6.8" />
      <homePath value="D:\Anaconda3\envs\flask\python.exe" />
      <roots>
        <classPath>
          <root type="composite">
            <root url="file://D:/Anaconda3/envs/flask/DLLs" type="simple" />
            <root url="file://D:/Anaconda3/envs/flask/Lib" type="simple" />
            <root url="file://D:/Anaconda3/envs/flask/Lib/site-packages" type="simple" />
            <root url="file://$USER_HOME$/.PyCharm2019.1/system/python_stubs/563027013" type="simple" />
            <root url="file://$APPLICATION_HOME_DIR$/helpers/python-skeletons" type="simple" />
            <root url="file://$APPLICATION_HOME_DIR$/helpers/typeshed/stdlib/3" type="simple" />
            <root url="file://$APPLICATION_HOME_DIR$/helpers/typeshed/stdlib/2and3" type="simple" />
            <root url="file://$APPLICATION_HOME_DIR$/helpers/typeshed/third_party/3" type="simple" />
            <root url="file://$APPLICATION_HOME_DIR$/helpers/typeshed/third_party/2and3" type="simple" />
          </root>
        </classPath>
        <sourcePath>
          <root type="composite" />
        </sourcePath>
      </roots>
      <additional ASSOCIATED_PROJECT_PATH="E:/minPro_mall" />
    </jdk>
    <jdk version="2">
      <name value="Python 3.6 (faceswap)" />
      <type value="Python SDK" />
      <version value="Python 3.6.8" />
      <homePath value="D:\Anaconda3\envs\faceswap\python.exe" />
      <roots>
        <classPath>
          <root type="composite">
            <root url="file://D:/Anaconda3/envs/faceswap/DLLs" type="simple" />
            <root url="file://D:/Anaconda3/envs/faceswap/Lib" type="simple" />
            <root url="file://D:/Anaconda3/envs/faceswap/Lib/site-packages" type="simple" />
            <root url="file://$USER_HOME$/.PyCharm2019.1/system/python_stubs/58702006" type="simple" />
            <root url="file://$APPLICATION_HOME_DIR$/helpers/python-skeletons" type="simple" />
            <root url="file://$APPLICATION_HOME_DIR$/helpers/typeshed/stdlib/3" type="simple" />
            <root url="file://$APPLICATION_HOME_DIR$/helpers/typeshed/stdlib/2and3" type="simple" />
            <root url="file://$APPLICATION_HOME_DIR$/helpers/typeshed/third_party/3" type="simple" />
            <root url="file://$APPLICATION_HOME_DIR$/helpers/typeshed/third_party/2and3" type="simple" />
          </root>
        </classPath>
        <sourcePath>
          <root type="composite" />
        </sourcePath>
      </roots>
      <additional ASSOCIATED_PROJECT_PATH="E:/face_swap" />
    </jdk>
    <jdk version="2">
      <name value="Python 3.6 (bl)" />
      <type value="Python SDK" />
      <version value="Python 3.6.8" />
      <homePath value="D:\Anaconda3\envs\bl\python.exe" />
      <roots>
        <classPath>
          <root type="composite">
            <root url="file://D:/Anaconda3/envs/bl/DLLs" type="simple" />
            <root url="file://D:/Anaconda3/envs/bl/Lib" type="simple" />
            <root url="file://$USER_HOME$/AppData/Roaming/Python/Python36/site-packages" type="simple" />
            <root url="file://D:/Anaconda3/envs/bl/Lib/site-packages" type="simple" />
            <root url="file://$USER_HOME$/.PyCharm2019.1/system/python_stubs/1912751836" type="simple" />
            <root url="file://$APPLICATION_HOME_DIR$/helpers/python-skeletons" type="simple" />
            <root url="file://$APPLICATION_HOME_DIR$/helpers/typeshed/stdlib/3" type="simple" />
            <root url="file://$APPLICATION_HOME_DIR$/helpers/typeshed/stdlib/2and3" type="simple" />
            <root url="file://$APPLICATION_HOME_DIR$/helpers/typeshed/third_party/3" type="simple" />
            <root url="file://$APPLICATION_HOME_DIR$/helpers/typeshed/third_party/2and3" type="simple" />
          </root>
        </classPath>
        <sourcePath>
          <root type="composite" />
        </sourcePath>
      </roots>
      <additional ASSOCIATED_PROJECT_PATH="E:/bl_python" />
    </jdk>
    <jdk version="2">
      <name value="Python 3.7 (get_train_pictures)" />
      <type value="Python SDK" />
      <version value="Python 3.7.2" />
      <homePath value="E:\jhd_project\get_train_pictures\venv\Scripts\python.exe" />
      <roots>
        <classPath>
          <root type="composite">
            <root url="file://$USER_HOME$/AppData/Local/Programs/Python/Python37-32/DLLs" type="simple" />
            <root url="file://$USER_HOME$/AppData/Local/Programs/Python/Python37-32/Lib" type="simple" />
            <root url="file://$USER_HOME$/AppData/Local/Programs/Python/Python37-32" type="simple" />
            <root url="file://E:/jhd_project/get_train_pictures/venv" type="simple" />
            <root url="file://E:/jhd_project/get_train_pictures/venv/Lib/site-packages" type="simple" />
            <root url="jar://E:/jhd_project/get_train_pictures/venv/Lib/site-packages/setuptools-40.8.0-py3.7.egg!/" type="simple" />
            <root url="file://E:/jhd_project/get_train_pictures/venv/Lib/site-packages/pip-19.0.3-py3.7.egg" type="simple" />
            <root url="file://$USER_HOME$/.PyCharm2019.1/system/python_stubs/-721339698" type="simple" />
            <root url="file://$APPLICATION_HOME_DIR$/helpers/python-skeletons" type="simple" />
            <root url="file://$APPLICATION_HOME_DIR$/helpers/typeshed/stdlib/3" type="simple" />
            <root url="file://$APPLICATION_HOME_DIR$/helpers/typeshed/stdlib/2and3" type="simple" />
            <root url="file://$APPLICATION_HOME_DIR$/helpers/typeshed/third_party/3" type="simple" />
            <root url="file://$APPLICATION_HOME_DIR$/helpers/typeshed/third_party/2and3" type="simple" />
          </root>
        </classPath>
        <sourcePath>
          <root type="composite" />
        </sourcePath>
      </roots>
      <additional ASSOCIATED_PROJECT_PATH="E:/jhd_project/get_train_pictures" />
    </jdk>
    <jdk version="2">
      <name value="Python 3.6 (django)" />
      <type value="Python SDK" />
      <version value="Python 3.6.8" />
      <homePath value="D:\Anaconda3\envs\django\python.exe" />
      <roots>
        <classPath>
          <root type="composite">
            <root url="file://D:/Anaconda3/envs/django/DLLs" type="simple" />
            <root url="file://D:/Anaconda3/envs/django/Lib" type="simple" />
            <root url="file://$USER_HOME$/AppData/Roaming/Python/Python36/site-packages" type="simple" />
            <root url="file://D:/Anaconda3/envs/django/Lib/site-packages" type="simple" />
            <root url="file://$USER_HOME$/.PyCharm2019.1/system/python_stubs/1727594411" type="simple" />
            <root url="file://$APPLICATION_HOME_DIR$/helpers/python-skeletons" type="simple" />
            <root url="file://$APPLICATION_HOME_DIR$/helpers/typeshed/stdlib/3" type="simple" />
            <root url="file://$APPLICATION_HOME_DIR$/helpers/typeshed/stdlib/2and3" type="simple" />
            <root url="file://$APPLICATION_HOME_DIR$/helpers/typeshed/third_party/3" type="simple" />
            <root url="file://$APPLICATION_HOME_DIR$/helpers/typeshed/third_party/2and3" type="simple" />
          </root>
        </classPath>
        <sourcePath>
          <root type="composite" />
        </sourcePath>
      </roots>
      <additional />
    </jdk>
  </component>
</application>