<profile version="1.0">
  <option name="myName" value="Default" />
  <inspection_tool class="PyPackageRequirementsInspection" enabled="true" level="WARNING" enabled_by_default="true">
    <option name="ignoredPackages">
      <value>
        <list size="5">
          <item index="0" class="java.lang.String" itemvalue="scipy" />
          <item index="1" class="java.lang.String" itemvalue="jupyter-core" />
          <item index="2" class="java.lang.String" itemvalue="jupyter-client" />
          <item index="3" class="java.lang.String" itemvalue="numpy" />
          <item index="4" class="java.lang.String" itemvalue="Pillow" />
        </list>
      </value>
    </option>
  </inspection_tool>
  <inspection_tool class="SpellCheckingInspection" enabled="false" level="TYPO" enabled_by_default="false">
    <option name="processCode" value="true" />
    <option name="processLiterals" value="true" />
    <option name="processComments" value="true" />
  </inspection_tool>
</profile>