<application>
  <component name="ProjectJdkTable">
    <jdk version="2">
      <name value="Python 3.6.1 (~/anaconda3/bin/python)" />
      <type value="Python SDK" />
      <version value="Python 3.7.3" />
      <homePath value="$USER_HOME$/anaconda3/bin/python" />
      <roots>
        <classPath>
          <root type="composite">
            <root url="file://$USER_HOME$/anaconda3/lib/python3.7" type="simple" />
            <root url="file://$USER_HOME$/anaconda3/lib/python3.7/lib-dynload" type="simple" />
            <root url="file://$USER_HOME$/anaconda3/lib/python3.7/site-packages" type="simple" />
            <root url="file://$USER_HOME$/.PyCharm2019.1/system/python_stubs/1981785572" type="simple" />
            <root url="file://$APPLICATION_HOME_DIR$/helpers/python-skeletons" type="simple" />
            <root url="file://$APPLICATION_HOME_DIR$/helpers/typeshed/stdlib/3" type="simple" />
            <root url="file://$APPLICATION_HOME_DIR$/helpers/typeshed/stdlib/2and3" type="simple" />
            <root url="file://$APPLICATION_HOME_DIR$/helpers/typeshed/third_party/3" type="simple" />
            <root url="file://$APPLICATION_HOME_DIR$/helpers/typeshed/third_party/2and3" type="simple" />
          </root>
        </classPath>
        <sourcePath>
          <root type="composite" />
        </sourcePath>
      </roots>
      <additional />
    </jdk>
    <jdk version="2">
      <name value="Python 3.6 (fr)" />
      <type value="Python SDK" />
      <version value="Python 3.6.8" />
      <homePath value="$USER_HOME$/anaconda3/envs/fr/bin/python3" />
      <roots>
        <classPath>
          <root type="composite">
            <root url="file://$USER_HOME$/anaconda3/envs/fr/lib/python3.6" type="simple" />
            <root url="file://$USER_HOME$/anaconda3/envs/fr/lib/python3.6/lib-dynload" type="simple" />
            <root url="file://$USER_HOME$/anaconda3/envs/fr/lib/python3.6/site-packages" type="simple" />
            <root url="file://$USER_HOME$/.PyCharm2019.1/system/python_stubs/-659297771" type="simple" />
            <root url="file://$APPLICATION_HOME_DIR$/helpers/python-skeletons" type="simple" />
            <root url="file://$APPLICATION_HOME_DIR$/helpers/typeshed/stdlib/3" type="simple" />
            <root url="file://$APPLICATION_HOME_DIR$/helpers/typeshed/stdlib/2and3" type="simple" />
            <root url="file://$APPLICATION_HOME_DIR$/helpers/typeshed/third_party/3" type="simple" />
            <root url="file://$APPLICATION_HOME_DIR$/helpers/typeshed/third_party/2and3" type="simple" />
          </root>
        </classPath>
        <sourcePath>
          <root type="composite" />
        </sourcePath>
      </roots>
      <additional ASSOCIATED_PROJECT_PATH="$USER_HOME$/projects/usdt-admin" />
    </jdk>
  </component>
</application>