<application>
  <component name="MaterialThemeConfig">
    <option name="allowDataCollection" value="true" />
    <option name="isContrastMode" value="true" />
    <option name="isHighContrast" value="true" />
    <option name="isWizardShown" value="true" />
    <option name="pristineConfig" value="false" />
    <option name="accentColor" value="e91752" />
    <option name="selectedTheme" value="MONOKAI" />
    <option name="userId" value="-607de6c4:16d5336ada3:-8000" />
    <option name="version" value="4.5.1" />
  </component>
</application>